{
  "Total" : {
    "transaction" : "Total",
    "sampleCount" : 1000,
    "errorCount" : 0,
    "errorPct" : 0.0,
    "meanResTime" : 8.789999999999997,
    "medianResTime" : 7.0,
    "minResTime" : 4.0,
    "maxResTime" : 216.0,
    "pct1ResTime" : 10.899999999999977,
    "pct2ResTime" : 12.0,
    "pct3ResTime" : 16.0,
    "throughput" : 775.1937984496125,
    "receivedKBytesPerSec" : 875.5450581395348,
    "sentKBytesPerSec" : 92.35707364341086
  },
  "HTTP Request" : {
    "transaction" : "HTTP Request",
    "sampleCount" : 1000,
    "errorCount" : 0,
    "errorPct" : 0.0,
    "meanResTime" : 8.789999999999997,
    "medianResTime" : 7.0,
    "minResTime" : 4.0,
    "maxResTime" : 216.0,
    "pct1ResTime" : 10.899999999999977,
    "pct2ResTime" : 12.0,
    "pct3ResTime" : 16.0,
    "throughput" : 775.1937984496125,
    "receivedKBytesPerSec" : 875.5450581395348,
    "sentKBytesPerSec" : 92.35707364341086
  }
}