{
  "Total" : {
    "transaction" : "Total",
    "sampleCount" : 5364,
    "errorCount" : 0,
    "errorPct" : 0.0,
    "meanResTime" : 36093.08202833718,
    "medianResTime" : 32013.5,
    "minResTime" : 27.0,
    "maxResTime" : 127328.0,
    "pct1ResTime" : 77698.0,
    "pct2ResTime" : 89007.75,
    "pct3ResTime" : 122010.60000000003,
    "throughput" : 40.094780353258635,
    "receivedKBytesPerSec" : 46.89098612585307,
    "sentKBytesPerSec" : 4.698607072647497
  },
  "HTTP Request" : {
    "transaction" : "HTTP Request",
    "sampleCount" : 5364,
    "errorCount" : 0,
    "errorPct" : 0.0,
    "meanResTime" : 36093.08202833718,
    "medianResTime" : 32013.5,
    "minResTime" : 27.0,
    "maxResTime" : 127328.0,
    "pct1ResTime" : 77698.0,
    "pct2ResTime" : 89007.75,
    "pct3ResTime" : 122010.60000000003,
    "throughput" : 40.094780353258635,
    "receivedKBytesPerSec" : 46.89098612585307,
    "sentKBytesPerSec" : 4.698607072647497
  }
}