{
  "Total" : {
    "transaction" : "Total",
    "sampleCount" : 9482,
    "errorCount" : 0,
    "errorPct" : 0.0,
    "meanResTime" : 4270.290023201861,
    "medianResTime" : 419.0,
    "minResTime" : 5.0,
    "maxResTime" : 70911.0,
    "pct1ResTime" : 15539.0,
    "pct2ResTime" : 18855.85,
    "pct3ResTime" : 34880.95000000001,
    "throughput" : 131.67249902793978,
    "receivedKBytesPerSec" : 148.7190285994001,
    "sentKBytesPerSec" : 15.687543829500639
  },
  "HTTP Request" : {
    "transaction" : "HTTP Request",
    "sampleCount" : 9482,
    "errorCount" : 0,
    "errorPct" : 0.0,
    "meanResTime" : 4270.290023201861,
    "medianResTime" : 419.0,
    "minResTime" : 5.0,
    "maxResTime" : 70911.0,
    "pct1ResTime" : 15539.0,
    "pct2ResTime" : 18855.85,
    "pct3ResTime" : 34880.95000000001,
    "throughput" : 131.67249902793978,
    "receivedKBytesPerSec" : 148.7190285994001,
    "sentKBytesPerSec" : 15.687543829500639
  }
}