{
  "Total" : {
    "transaction" : "Total",
    "sampleCount" : 10000,
    "errorCount" : 0,
    "errorPct" : 0.0,
    "meanResTime" : 703.0496000000005,
    "medianResTime" : 16.0,
    "minResTime" : 6.0,
    "maxResTime" : 8938.0,
    "pct1ResTime" : 3034.0,
    "pct2ResTime" : 3243.0,
    "pct3ResTime" : 7160.98,
    "throughput" : 944.0196356084206,
    "receivedKBytesPerSec" : 1083.7520576677996,
    "sentKBytesPerSec" : 112.47108939865949
  },
  "HTTP Request" : {
    "transaction" : "HTTP Request",
    "sampleCount" : 10000,
    "errorCount" : 0,
    "errorPct" : 0.0,
    "meanResTime" : 703.0496000000005,
    "medianResTime" : 16.0,
    "minResTime" : 6.0,
    "maxResTime" : 8938.0,
    "pct1ResTime" : 3034.0,
    "pct2ResTime" : 3243.0,
    "pct3ResTime" : 7160.98,
    "throughput" : 944.0196356084206,
    "receivedKBytesPerSec" : 1083.7520576677996,
    "sentKBytesPerSec" : 112.47108939865949
  }
}